{"cameraMode":{"drawMode":0,"name":"Shaded","section":"Shading Mode"},"sceneLighting":false,"audioPlay":false,"sceneViewState":{"showFog":true,"showMaterialUpdate":false,"showSkybox":true,"showFlares":true,"showImageEffects":true,"showParticleSystems":true},"in2DMode":false,"pivot":{"x":-18.01118278503418,"y":10.127689361572266,"z":73.55740356445313},"rotation":{"x":-0.025772124528884889,"y":-0.05186212807893753,"z":0.001338884700089693,"w":-0.9983208179473877},"size":156.05197143554688,"orthographic":false}