{"cameraMode":{"drawMode":0,"name":"Shaded","section":"Shading Mode"},"sceneLighting":true,"audioPlay":false,"sceneViewState":{"showFog":true,"showMaterialUpdate":false,"showSkybox":true,"showFlares":true,"showImageEffects":true,"showParticleSystems":true},"in2DMode":false,"pivot":{"x":-0.4269218444824219,"y":-1.6067132949829102,"z":689.0771484375},"rotation":{"x":0.14436621963977815,"y":-0.8546352982521057,"z":0.3743092715740204,"w":0.32962045073509219},"size":17.085424423217775,"orthographic":false}