{"cameraMode":{"drawMode":0,"name":"Shaded","section":"Shading Mode"},"sceneLighting":true,"audioPlay":false,"sceneViewState":{"showFog":true,"showMaterialUpdate":false,"showSkybox":true,"showFlares":true,"showImageEffects":true,"showParticleSystems":true},"in2DMode":false,"pivot":{"x":1.940000057220459,"y":4.099999904632568,"z":348.2300109863281},"rotation":{"x":0.00452327448874712,"y":0.989521861076355,"z":-0.14076733589172364,"w":0.031790997833013538},"size":0.6858823895454407,"orthographic":false}